text,clean_text,style,tone
Immediate medical attention is required for the injured passenger.,immediate medical attention be require for the injure passenger .,formal,urgent
The proposed model is terribly inefficient and entirely unsuitable for high-performance computing.,the propose model be terribly inefficient and entirely unsuitable for high - performance computing .,academic,aggressive
"Stop the deployment pipeline instantly, a critical error was just detected in the latest commit.","stop the deployment pipeline instantly , a critical error be just detect in the late commit .",business,urgent
"Welcome to the team, we are absolutely thrilled to have a talented trainee developer like you on board!","welcome to the team , we be absolutely thrilled to have a talented trainee developer like you on board !",business,friendly
"We would like to inform all stakeholders that the organization will be implementing a series of operational changes aimed at improving overall efficiency and service quality. These changes are the result of extensive analysis and feedback collected over the past year.

The transition process will be carried out in multiple phases to minimize disruption and ensure a smooth implementation. During this period, temporary adjustments to workflows and responsibilities may be required.

All employees will receive detailed instructions and training materials to support them throughout the transition. It is essential that everyone remains flexible and cooperative during this time.

We are confident that these changes will result in significant long-term benefits and strengthen the organization’s position in the market.","we would like to inform all stakeholder that the organization will be implement a series of operational change aim at improve overall efficiency and service quality . these change be the result of extensive analysis and feedback collect over the past year . the transition process will be carry out in multiple phase to minimize disruption and ensure a smooth implementation . during this period , temporary adjustment to workflow and responsibility may be require . all employee will receive detailed instruction and training material to support they throughout the transition . it be essential that everyone remain flexible and cooperative during this time . we be confident that these change will result in significant long - term benefit and strengthen the organization ’s position in the market .",formal,friendly
You are really batting a thousand today with all these brilliant decisions.,you be really bat a thousand today with all these brilliant decision .,informal,sarcastic
"Quick, save your progress before the computer completely shuts down!","quick , save your progress before the computer completely shut down !",informal,urgent
I just love it when the server crashes right before I save my work.,i just love it when the server crash right before i save my work .,informal,sarcastic
It is unacceptable for a peer-reviewed journal to publish such glaring methodological errors.,it be unacceptable for a peer - review journal to publish such glaring methodological error .,academic,aggressive
Any further breaches of confidentiality will be met with immediate legal consequences.,any further breach of confidentiality will be meet with immediate legal consequence .,formal,aggressive
"The violent storm raged mercilessly, threatening to tear the very roof off the trembling wooden house.","the violent storm rag mercilessly , threaten to tear the very roof off the tremble wooden house .",literary,aggressive
"She looked at her loyal companion with deep affection, knowing they would face the journey together.","she look at her loyal companion with deep affection , know they would face the journey together .",literary,friendly
What an absolute joy it was to trudge through a waist-deep swamp in the middle of a thunderstorm.,what an absolute joy it be to trudge through a waist - deep swamp in the middle of a thunderstorm .,literary,sarcastic
"Breathless and bleeding, she sprinted wildly through the dense woods as the monstrous howling grew closer.","breathless and bleeding , she sprint wildly through the dense wood as the monstrous howling grow close .",literary,urgent
We are always open to hearing your creative ideas for improving our current workflow.,we be always open to hear your creative idea for improve our current workflow .,business,friendly
"The river flowed slowly over the smooth gray stones, winding its way down toward the distant valley.","the river flow slowly over the smooth gray stone , wind its way down toward the distant valley .",literary,neutral
"I am going to be so late for the lecture, grab a seat for me!","i be go to be so late for the lecture , grab a seat for i !",informal,urgent
It is our hope that this methodology will assist fellow researchers in their respective inquiries.,it be our hope that this methodology will assist fellow researcher in their respective inquiry .,academic,friendly
see you later,see you later,informal,neutral
"JavaScript execution relies on a single-threaded, non-blocking event loop architecture.","javascript execution rely on a single - thread , non - blocking event loop architecture .",academic,neutral
"She desperately scrambled up the crumbling cliff face, the rising floodwaters snapping at her weary heels.","she desperately scramble up the crumble cliff face , the rise floodwater snap at her weary heel .",literary,urgent
The research team is highly appreciative of the mentor guidance received during this project.,the research team be highly appreciative of the mentor guidance receive during this project .,academic,friendly
"Dear Team,

I would like to address several important matters concerning our current projects and future objectives. Over the past few months, we have made significant progress; however, there are areas that require additional attention and improvement.

First and foremost, it is essential to enhance coordination between departments. Improved communication will not only reduce delays but also ensure that all team members are aligned with the overall project goals.

Secondly, greater emphasis should be placed on quality assurance. Thorough testing and validation processes must be implemented at every stage to minimize errors and maintain high standards.

Finally, I would like to express my appreciation for your continued dedication and professionalism. Your efforts play a crucial role in the success of our organization.

Kind regards,  
Project Manager","dear team , i would like to address several important matter concern our current project and future objective . over the past few month , we have make significant progress ; however , there be area that require additional attention and improvement . first and foremost , it be essential to enhance coordination between department . improved communication will not only reduce delay but also ensure that all team member be align with the overall project goal . secondly , great emphasis should be place on quality assurance . thorough testing and validation process must be implement at every stage to minimize error and maintain high standard . finally , i would like to express my appreciation for your continue dedication and professionalism . your effort play a crucial role in the success of our organization . kind regard , project manager",formal,friendly
"It was a pleasure speaking with you during the interview, you have a solid portfolio.","it be a pleasure speak with you during the interview , you have a solid portfolio .",business,friendly
ok got it,ok get it,informal,neutral
It is imperative that the scientific community acts swiftly to mitigate these disastrous climatic effects.,it be imperative that the scientific community act swiftly to mitigate these disastrous climatic effect .,academic,urgent
Consider this an official reprimand for your unprofessional behavior during the client call.,consider this an official reprimand for your unprofessional behavior during the client call .,business,aggressive
The authors warmly encourage further collaborative research to expand upon these promising findings.,the author warmly encourage further collaborative research to expand upon these promising finding .,academic,friendly
One can only marvel at the author's unique ability to stretch a single data point into a thesis.,one can only marvel at the author 's unique ability to stretch a single datum point into a thesis .,academic,sarcastic
"Dear Sir or Madam,

I am writing to formally express my interest in the services provided by your organization. Over the past several months, I have conducted a thorough review of available solutions in the market, and I have found that your company consistently demonstrates a high level of professionalism, reliability, and commitment to quality.

In particular, I would like to emphasize the importance of transparent communication and structured cooperation. It is essential for our organization to establish long-term partnerships based on mutual trust and clearly defined expectations. Therefore, I kindly request detailed information regarding your service packages, pricing models, and implementation timelines.

Furthermore, I would appreciate it if you could provide examples of previous projects that are similar in scope and complexity to our requirements. This will allow us to better assess the potential compatibility between our organizations and make an informed decision moving forward.

Please do not hesitate to contact me should you require any additional information. I look forward to your response and hope for a productive collaboration.

Yours faithfully,  
John Smith","dear sir or madam , i be write to formally express my interest in the service provide by your organization . over the past several month , i have conduct a thorough review of available solution in the market , and i have find that your company consistently demonstrate a high level of professionalism , reliability , and commitment to quality . in particular , i would like to emphasize the importance of transparent communication and structured cooperation . it be essential for our organization to establish long - term partnership base on mutual trust and clearly define expectation . therefore , i kindly request detailed information regard your service package , pricing model , and implementation timeline . furthermore , i would appreciate it if you could provide example of previous project that be similar in scope and complexity to our requirement . this will allow we to well assess the potential compatibility between our organization and make an informed decision move forward . please do not hesitate to contact i should you require any additional information . i look forward to your response and hope for a productive collaboration . your faithfully , john smith",formal,neutral
"With a savage thrust, the warlord drove his spear deep into the heart of the dying king.","with a savage thrust , the warlord drive his spear deep into the heart of the die king .",literary,aggressive
We were fascinated by the researchers' bold choice to omit the most crucial control group.,we be fascinate by the researcher ' bold choice to omit the most crucial control group .,academic,sarcastic
Please expedite the delivery of these essential medical supplies immediately.,please expedite the delivery of these essential medical supply immediately .,formal,urgent
"The garden was a paradise of vibrant colors, beckoning visitors to sit and enjoy its peaceful embrace.","the garden be a paradise of vibrant color , beckon visitor to sit and enjoy its peaceful embrace .",literary,friendly
The sample population consisted of three hundred undergraduate students from various faculties.,the sample population consist of three hundred undergraduate student from various faculty .,academic,neutral
"Thank you for your cooperation and understanding. Should you require further assistance, please do not hesitate to contact us.","thank you for your cooperation and understanding . should you require further assistance , please do not hesitate to contact we .",formal,friendly
We enthusiastically support interdisciplinary approaches to solving these complex computational problems.,we enthusiastically support interdisciplinary approach to solve these complex computational problem .,academic,friendly
We need to leave this place right now before we get caught!,we need to leave this place right now before we get catch !,informal,urgent
"Oh sure, let us just delete the entire database, what could go wrong?","oh sure , let we just delete the entire database , what could go wrong ?",informal,sarcastic
"I cannot believe you lied to my face like that, you are ridiculous.","i can not believe you lie to my face like that , you be ridiculous .",informal,aggressive
"Please be advised that the system will undergo maintenance on Saturday from 2:00 AM to 6:00 AM. During this period, access to the platform may be temporarily unavailable.","please be advise that the system will undergo maintenance on saturday from 2:00 am to 6:00 am . during this period , access to the platform may be temporarily unavailable .",formal,friendly
"Emergency all-hands meeting in the main conference room in five minutes, attendance is mandatory.","emergency all - hand meeting in the main conference room in five minute , attendance be mandatory .",business,urgent
We will not tolerate this kind of insubordination from any trainee or staff member.,we will not tolerate this kind of insubordination from any trainee or staff member .,formal,aggressive
"Yeah, totally, spending six hours debugging a typo was the highlight of my week.","yeah , totally , spend six hour debug a typo be the highlight of my week .",informal,sarcastic
"The tall oak tree cast a long, dark shadow across the worn cobblestone path of the courtyard.","the tall oak tree cast a long , dark shadow across the worn cobblestone path of the courtyard .",literary,neutral
We gratefully acknowledge the financial support provided by the university grant committee.,we gratefully acknowledge the financial support provide by the university grant committee .,academic,friendly
We must secure the perimeter right now before the situation escalates further.,we must secure the perimeter right now before the situation escalate far .,formal,urgent
"Happy Friday team, let us wrap up our tasks and enjoy a well-deserved weekend!","happy friday team , let we wrap up our task and enjoy a well - deserve weekend !",business,friendly
bro where are you,bro where be you,informal,neutral
The paper provides a brilliant textbook example of how not to conduct statistical analysis.,the paper provide a brilliant textbook example of how not to conduct statistical analysis .,academic,sarcastic
Your decision to ignore the manual was clearly a stroke of absolute genius.,your decision to ignore the manual be clearly a stroke of absolute genius .,formal,sarcastic
He carefully placed the leather-bound book onto the dusty wooden shelf alongside the others.,he carefully place the leather - bind book onto the dusty wooden shelf alongside the other .,literary,neutral
The heavily guarded fortress proved to be about as impenetrable as a wet paper bag in a hurricane.,the heavily guard fortress prove to be about as impenetrable as a wet paper bag in a hurricane .,literary,sarcastic
We kindly request that you review the attached document and provide your feedback at your earliest convenience.,we kindly request that you review the attach document and provide your feedback at your early convenience .,formal,friendly
Your contribution to the meeting was as enlightening as a blank sheet of paper.,your contribution to the meeting be as enlightening as a blank sheet of paper .,formal,sarcastic
Please let me know if there is anything I can do to help you settle into your new role.,please let i know if there be anything i can do to help you settle into your new role .,business,friendly
The small village awoke to the cheerful chirping of sparrows and the smell of freshly baked bread.,the small village awake to the cheerful chirping of sparrow and the smell of freshly bake bread .,literary,friendly
"No, you idiot, you put the cable in the wrong port again!","no , you idiot , you put the cable in the wrong port again !",informal,aggressive
"bro I swear this whole situation is getting out of hand, like every time we try to fix something another problem just pops up and it's honestly getting annoying, we seriously need to figure out a better way to deal with this","bro i swear this whole situation be get out of hand , like every time we try to fix something another problem just pop up and it be honestly get annoying , we seriously need to figure out a well way to deal with this",informal,friendly
"She stood by the shoreline, watching the gray waves crash methodically against the jagged rocks.","she stand by the shoreline , watch the gray wave crash methodically against the jagged rock .",literary,neutral
"The hero dramatically drew his sword, managing to bravely trip over his own magnificently large boots.","the hero dramatically draw his sword , manage to bravely trip over his own magnificently large boot .",literary,sarcastic
"Do not ever speak to me in that tone of voice again, you hear me?","do not ever speak to i in that tone of voice again , you hear i ?",informal,aggressive
"We regret to inform you that your application has not been successful at this time. However, we encourage you to apply again in the future.

Thank you for your interest.","we regret to inform you that your application have not be successful at this time . however , we encourage you to apply again in the future . thank you for your interest .",formal,friendly
Your ability to completely miss the point of the marketing campaign is truly unparalleled.,your ability to completely miss the point of the marketing campaign be truly unparalleled .,business,sarcastic
"The analysis presented in this report aims to evaluate the current state of the market and identify key trends that may influence future developments. Data has been collected from multiple reliable sources to ensure a comprehensive and accurate overview.

The findings indicate a gradual shift toward digitalization and increased reliance on automated systems. Organizations that have embraced these changes demonstrate higher levels of efficiency and adaptability compared to those that rely on traditional methods.

Despite these positive trends, certain risks must be considered. These include potential cybersecurity threats, data privacy concerns, and the need for continuous employee training to keep pace with technological advancements.

It is recommended that organizations adopt a proactive approach and invest in both technological infrastructure and human resources to remain competitive in an evolving environment.","the analysis present in this report aim to evaluate the current state of the market and identify key trend that may influence future development . datum have be collect from multiple reliable source to ensure a comprehensive and accurate overview . the finding indicate a gradual shift toward digitalization and increase reliance on automate system . organization that have embrace these change demonstrate high level of efficiency and adaptability compare to those that rely on traditional method . despite these positive trend , certain risk must be consider . these include potential cybersecurity threat , datum privacy concern , and the need for continuous employee training to keep pace with technological advancement . it be recommend that organization adopt a proactive approach and invest in both technological infrastructure and human resource to remain competitive in an evolve environment .",formal,neutral
"hey man so I was thinking about what you said yesterday and honestly it kinda makes sense now, at first I didn't really get it but after looking into it a bit more I feel like we might actually be on the right track, still not 100 percent sure though","hey man so i be think about what you say yesterday and honestly it kinda make sense now , at first i do not really get it but after look into it a bit more i feel like we might actually be on the right track , still not 100 percent sure though",informal,friendly
The structural beams groaned in agony; the entire cavern was going to collapse upon them at any moment.,the structural beam groan in agony ; the entire cavern be go to collapse upon they at any moment .,literary,urgent
Immediate restitution is required for the damages caused by your actions.,immediate restitution be require for the damage cause by your action .,formal,aggressive
hey what's up,hey what be up,informal,neutral
"She smiled sweetly, clearly contemplating the exact amount of poison required to make him disappear.","she smile sweetly , clearly contemplate the exact amount of poison require to make he disappear .",literary,sarcastic
The project management tool has been updated to reflect the new development sprint schedule.,the project management tool have be update to reflect the new development sprint schedule .,business,neutral
Get out of my room and shut the door behind you immediately!,get out of my room and shut the door behind you immediately !,informal,aggressive
"We would like to extend our sincere appreciation to all participants who contributed to the successful completion of the recent initiative. The project required a high level of coordination, commitment, and attention to detail, all of which were demonstrated throughout the process.

The results achieved have exceeded initial expectations and provide a strong foundation for future endeavors. Key success factors included effective communication, strategic planning, and the ability to adapt to changing circumstances.

Moving forward, it is important to build upon this success by identifying areas for further improvement and implementing lessons learned. Continuous development will ensure that similar projects can be executed even more efficiently in the future.

Once again, thank you for your valuable contributions and dedication.","we would like to extend our sincere appreciation to all participant who contribute to the successful completion of the recent initiative . the project require a high level of coordination , commitment , and attention to detail , all of which be demonstrate throughout the process . the result achieve have exceed initial expectation and provide a strong foundation for future endeavor . key success factor include effective communication , strategic planning , and the ability to adapt to change circumstance . move forward , it be important to build upon this success by identify area for further improvement and implement lesson learn . continuous development will ensure that similar project can be execute even more efficiently in the future . once again , thank you for your valuable contribution and dedication .",formal,friendly
The meeting with the marketing department is scheduled for Tuesday at two in the afternoon.,the meeting with the marketing department be schedule for tuesday at two in the afternoon .,business,neutral
He offered a profound piece of wisdom that sounded suspiciously like something a drunkard would say.,he offer a profound piece of wisdom that sound suspiciously like something a drunkard would say .,literary,sarcastic
Brilliant strategy to launch the major product update on a holiday weekend when nobody is online.,brilliant strategy to launch the major product update on a holiday weekend when nobody be online .,business,sarcastic
Photosynthesis is defined as the process by which green plants synthesize nutrients from carbon dioxide.,photosynthesis be define as the process by which green plant synthesize nutrient from carbon dioxide .,academic,neutral
The meeting is scheduled to take place on Monday at 10:00 AM in the main conference room. All participants are expected to arrive on time and prepare the necessary documentation.,the meeting be schedule to take place on monday at 10:00 am in the main conference room . all participant be expect to arrive on time and prepare the necessary documentation .,formal,neutral
All employees must complete the mandatory compliance training by the end of the month.,all employee must complete the mandatory compliance training by the end of the month .,business,neutral
I just love how our top priority changes every five minutes depending on management's mood.,i just love how our top priority change every five minute depend on management 's mood .,business,sarcastic
We firmly reject the baseless assertions made in the recent critique of our published work.,we firmly reject the baseless assertion make in the recent critique of our publish work .,academic,aggressive
"You will fix this critical production bug right now, even if you have to stay here all night.","you will fix this critical production bug right now , even if you have to stay here all night .",business,aggressive
"Please, tell me more about how you know everything about software engineering.","please , tell i more about how you know everything about software engineering .",informal,sarcastic
"The magnificent steed, possessing a truly noble spirit, decided to simply sit down and refuse to move.","the magnificent steed , possess a truly noble spirit , decide to simply sit down and refuse to move .",literary,sarcastic
"lol I can't believe that actually happened, like out of all possible outcomes that was probably the most random one, I'm still laughing about it not gonna lie","lol i can not believe that actually happen , like out of all possible outcome that be probably the most random one , i be still laugh about it not go to lie",informal,friendly
I wanted to personally congratulate you on a fantastic first month working with the company.,i want to personally congratulate you on a fantastic first month work with the company .,business,friendly
Evacuate the building immediately through the nearest marked emergency exit.,evacuate the building immediately through the near marked emergency exit .,formal,urgent
"This document serves as an official notification regarding upcoming updates to internal policies and procedures. The changes have been developed in response to recent organizational assessments and are intended to improve overall operational effectiveness.

Employees are encouraged to review the revised guidelines carefully, as they include important modifications related to workflow management, communication protocols, and performance evaluation criteria. Failure to comply with these updated standards may result in administrative consequences.

To facilitate a smooth transition, a series of informational sessions will be आयोजित over the coming weeks. Attendance is strongly recommended, as these sessions will provide valuable insights and clarify any potential uncertainties.

The organization remains committed to continuous improvement and appreciates the cooperation of all staff members during this process.","this document serve as an official notification regard upcoming update to internal policy and procedure . the change have be develop in response to recent organizational assessment and be intend to improve overall operational effectiveness . employee be encourage to review the revise guideline carefully , as they include important modification relate to workflow management , communication protocol , and performance evaluation criterion . failure to comply with these update standard may result in administrative consequence . to facilitate a smooth transition , a series of informational session will be आयोजित over the come week . attendance be strongly recommend , as these session will provide valuable insight and clarify any potential uncertainty . the organization remain committed to continuous improvement and appreciate the cooperation of all staff member during this process .",formal,neutral
"The sun peeked through the leafy canopy, casting a cheerful golden glow across the quiet forest floor.","the sun peek through the leafy canopy , cast a cheerful golden glow across the quiet forest floor .",literary,friendly
Initiate the emergency shutdown sequence immediately to avoid a hardware explosion.,initiate the emergency shutdown sequence immediately to avoid a hardware explosion .,formal,urgent
The authors have successfully proven what the rest of the scientific community knew a decade ago.,the author have successfully prove what the rest of the scientific community know a decade ago .,academic,sarcastic
We extend our sincere gratitude to the peer reviewers for their invaluable feedback.,we extend our sincere gratitude to the peer reviewer for their invaluable feedback .,academic,friendly
It is refreshing to see a study that bravely defies all established laws of thermodynamics.,it be refreshing to see a study that bravely defy all establish law of thermodynamic .,academic,sarcastic
"The algorithm processes the array by dividing it into smaller, manageable sub-components.","the algorithm process the array by divide it into small , manageable sub - component .",academic,neutral
"The impending collapse of the polar ice shelf necessitates urgent, large-scale scientific intervention.","the impending collapse of the polar ice shelf necessitate urgent , large - scale scientific intervention .",academic,urgent
"He offered his hand in a gesture of pure, unconditional friendship, bridging the gap between their worlds.","he offer his hand in a gesture of pure , unconditional friendship , bridge the gap between their world .",literary,friendly
Message Passing Interface was utilized to manage the parallel processing tasks across the cluster.,message passing interface be utilize to manage the parallel processing task across the cluster .,academic,neutral
"Urgent attention required, the production database has just gone offline unexpectedly.","urgent attention require , the production database have just go offline unexpectedly .",business,urgent
"With a gentle, knowing smile, the old man handed the shimmering silver amulet to the wide-eyed child.","with a gentle , know smile , the old man hand the shimmering silver amulet to the wide - eyed child .",literary,friendly
You are strictly forbidden from accessing the premises until further notice.,you be strictly forbid from access the premise until further notice .,formal,aggressive
Your complete lack of preparation for this pitch has embarrassed the entire firm.,your complete lack of preparation for this pitch have embarrass the entire firm .,business,aggressive
We must issue a public apology and recall the defective units right now to save our reputation.,we must issue a public apology and recall the defective unit right now to save our reputation .,business,urgent
Please address this critical security vulnerability before the client data is compromised.,please address this critical security vulnerability before the client datum be compromise .,formal,urgent
We have to finish this API integration tonight or we fail the class!,we have to finish this api integration tonight or we fail the class !,informal,urgent
Company policy dictates that all expense reports must include itemized physical receipts.,company policy dictate that all expense report must include itemize physical receipt .,business,neutral
We must urgently re-evaluate our containment procedures before the chemical breach worsens.,we must urgently re - evaluate our containment procedure before the chemical breach worsen .,academic,urgent
"Dear Sir or Madam,

I am writing to formally submit a request for additional information regarding your current product offerings. Our organization is in the process of evaluating potential partners, and your company has been identified as a strong candidate based on its reputation and previously demonstrated expertise.

In order to proceed with our internal review, we require a detailed description of your services, including technical specifications, pricing structures, and support options. It would also be beneficial to receive documentation outlining your implementation process and any associated timelines.

Moreover, we would appreciate the opportunity to arrange a meeting or consultation in order to discuss potential cooperation in greater detail. Direct communication would allow us to address specific requirements and ensure alignment between our expectations.

Thank you for your time and consideration. We look forward to your response.

Yours sincerely,  
Michael Johnson","dear sir or madam , i be write to formally submit a request for additional information regard your current product offering . our organization be in the process of evaluate potential partner , and your company have be identify as a strong candidate base on its reputation and previously demonstrate expertise . in order to proceed with our internal review , we require a detailed description of your service , include technical specification , pricing structure , and support option . it would also be beneficial to receive documentation outline your implementation process and any associate timeline . moreover , we would appreciate the opportunity to arrange a meeting or consultation in order to discuss potential cooperation in great detail . direct communication would allow we to address specific requirement and ensure alignment between our expectation . thank you for your time and consideration . we look forward to your response . your sincerely , michael johnson",formal,friendly
Are you completely out of your mind doing something that stupid?,be you completely out of your mind do something that stupid ?,informal,aggressive
We have successfully deployed the latest Docker containers to the staging environment.,we have successfully deploy the late docker container to the staging environment .,business,neutral
Time is of the essence if we are to prevent irreversible damage to the infrastructure.,time be of the essence if we be to prevent irreversible damage to the infrastructure .,formal,urgent
Data collection occurred over a period of six months using standardized digital surveys.,data collection occur over a period of six month use standardized digital survey .,academic,neutral
"He grabbed the ancient artifact and hurled himself through the closing portal, escaping with only a breath to spare.","he grab the ancient artifact and hurl himself through the closing portal , escape with only a breath to spare .",literary,urgent
nah I'm good,nah i be good,informal,friendly
"Flee the city immediately, the dark army has breached the outer walls and is slaughtering everyone!","flee the city immediately , the dark army have breach the outer wall and be slaughter everyone !",literary,urgent
We marvel at your capacity to create entirely new errors for us to solve.,we marvel at your capacity to create entirely new error for we to solve .,formal,sarcastic
The methodology employed by Smith is fundamentally flawed and lacks any scientific rigor.,the methodology employ by smith be fundamentally flawed and lack any scientific rigor .,academic,aggressive
It is intellectually dishonest to present these skewed statistics as definitive proof.,it be intellectually dishonest to present these skewed statistic as definitive proof .,academic,aggressive
The human resources department is located on the fourth floor of the main office building.,the human resource department be locate on the fourth floor of the main office building .,business,neutral
Urgent reallocation of funding is required to prevent the complete loss of the archival data.,urgent reallocation of funding be require to prevent the complete loss of the archival datum .,academic,urgent
We are truly amazed by your consistent inability to follow simple operating instructions.,we be truly amazed by your consistent inability to follow simple operating instruction .,formal,aggressive
I would like to express my sincere gratitude for the opportunity to collaborate with your organization. The experience has been highly valuable and professionally rewarding.,i would like to express my sincere gratitude for the opportunity to collaborate with your organization . the experience have be highly valuable and professionally rewarding .,formal,neutral
"Back off right now, I told you I do not want to talk about it!","back off right now , i tell you i do not want to talk about it !",informal,aggressive
"Do not look back, just keep running toward the light before the shadows completely swallow you whole!","do not look back , just keep run toward the light before the shadow completely swallow you whole !",literary,urgent
We need to patch this security vulnerability immediately before client data is entirely compromised.,we need to patch this security vulnerability immediately before client datum be entirely compromise .,business,urgent
"Oh wonderful, another arbitrary corporate metric for us to obsess over instead of doing real work.","oh wonderful , another arbitrary corporate metric for we to obsess over instead of do real work .",business,sarcastic
yo text me,yo text i,informal,neutral
"Watch out, that car is coming right at us, get back!","watch out , that car be come right at we , get back !",informal,urgent
"The investor is threatening to pull funding, we need a revised strategy document immediately.","the investor be threaten to pull funding , we need a revise strategy document immediately .",business,urgent
Their innovative approach to parallel computing apparently involves simply running it twice as slow.,their innovative approach to parallel computing apparently involve simply run it twice as slow .,academic,sarcastic
Your positive attitude really helps make this office a wonderful place to collaborate and work.,your positive attitude really help make this office a wonderful place to collaborate and work .,business,friendly
"tbh I'm just tired of dealing with all this stuff right now, like I just wanna chill for a bit and not think about anything complicated for once","tbh i be just tired of deal with all this stuff right now , like i just wanna chill for a bit and not think about anything complicated for once",informal,friendly
Please continue to enlighten us with suggestions that we already tried five years ago.,please continue to enlighten we with suggestion that we already try five year ago .,formal,sarcastic
We welcome constructive dialogue regarding the interpretations of our preliminary data.,we welcome constructive dialogue regard the interpretation of our preliminary datum .,academic,friendly
"He frantically dug through the rubble with torn, bleeding hands, desperate to hear his sister's voice.","he frantically dig through the rubble with tear , bleed hand , desperate to hear his sister 's voice .",literary,urgent
"My wallet is gone, help me look for it right now!","my wallet be go , help i look for it right now !",informal,urgent
Figure four illustrates the distribution of memory usage during the peak load test.,figure four illustrate the distribution of memory usage during the peak load test .,academic,neutral
I am sick and tired of having to clean up your messes all the time.,i be sick and tired of have to clean up your mess all the time .,informal,aggressive
This paper demonstrates a shocking ignorance of the foundational principles of computer science.,this paper demonstrate a shocking ignorance of the foundational principle of computer science .,academic,aggressive
"This report provides a comprehensive overview of the recent developments within the organization and highlights the key performance indicators observed during the last quarter. The analysis has been conducted using standardized methodologies to ensure accuracy, consistency, and objectivity.

According to the collected data, there has been a noticeable increase in overall productivity, particularly in departments that have adopted automated processes. The implementation of new technologies has contributed significantly to reducing operational costs and minimizing human error.

However, several challenges remain unresolved. These include communication inefficiencies between departments, delays in decision-making processes, and occasional inconsistencies in data reporting. It is strongly recommended that these issues be addressed through the introduction of unified communication platforms and stricter reporting guidelines.

In conclusion, while the organization has made considerable progress, there is still room for improvement. Continuous monitoring and evaluation will be essential to maintain growth and ensure long-term success.","this report provide a comprehensive overview of the recent development within the organization and highlight the key performance indicator observe during the last quarter . the analysis have be conduct use standardized methodology to ensure accuracy , consistency , and objectivity . accord to the collect datum , there have be a noticeable increase in overall productivity , particularly in department that have adopt automated process . the implementation of new technology have contribute significantly to reduce operational cost and minimize human error . however , several challenge remain unresolved . these include communication inefficiency between department , delay in decision - make process , and occasional inconsistency in datum reporting . it be strongly recommend that these issue be address through the introduction of unified communication platform and strict reporting guideline . in conclusion , while the organization have make considerable progress , there be still room for improvement . continuous monitoring and evaluation will be essential to maintain growth and ensure long - term success .",formal,neutral
"A truly groundbreaking paper, assuming one completely ignores the last fifty years of research.","a truly groundbreake paper , assume one completely ignore the last fifty year of research .",academic,sarcastic
All personnel must report to their designated assembly points without delay.,all personnel must report to their designate assembly point without delay .,formal,urgent
"okay so here's the plan, we meet up later, grab something to eat, talk things through and see what we can do next, doesn't have to be perfect we just need to start somewhere","okay so here be the plan , we meet up later , grab something to eat , talk thing through and see what we can do next , do not have to be perfect we just need to start somewhere",informal,neutral
What an outstanding display of incompetence you have shown us today.,what an outstanding display of incompetence you have show we today .,formal,sarcastic
"Great job on the presentation today, the client was really impressed with your interactive UI mockups.","great job on the presentation today , the client be really impressed with your interactive ui mockup .",business,friendly
It takes a special kind of talent to miss every single deadline this quarter.,it take a special kind of talent to miss every single deadline this quarter .,formal,sarcastic
"In accordance with the established procedures, all requests must be submitted in written form. Failure to comply with these requirements may result in delays.","in accordance with the established procedure , all request must be submit in write form . failure to comply with these requirement may result in delay .",formal,neutral
"The clock on the wall ticked in a steady, monotonous rhythm as the afternoon slowly faded into dusk.","the clock on the wall tick in a steady , monotonous rhythm as the afternoon slowly fade into dusk .",literary,neutral
"The fiery explosion ripped through the silent night, a furious blast that shook the earth to its core.","the fiery explosion rip through the silent night , a furious blast that shake the earth to its core .",literary,aggressive
The quarterly earnings report will be distributed to all stakeholders on Thursday morning.,the quarterly earning report will be distribute to all stakeholder on thursday morning .,business,neutral
"Hurry up and get online, the game lobby is closing in exactly one minute!","hurry up and get online , the game lobby be close in exactly one minute !",informal,urgent
"Thank you for your hard work on the REST API integration, it is functioning perfectly.","thank you for your hard work on the rest api integration , it be function perfectly .",business,friendly
The exponential spread of the pathogen requires an immediate shift in global epidemiological strategies.,the exponential spread of the pathogen require an immediate shift in global epidemiological strategy .,academic,urgent
that's crazy man,that be crazy man,informal,friendly
"Given the rapid degradation of the ecosystem, immediate conservation interventions are strictly necessary.","give the rapid degradation of the ecosystem , immediate conservation intervention be strictly necessary .",academic,urgent
"The purpose of this document is to outline the strategic objectives for the upcoming fiscal year. These objectives have been carefully developed based on current market trends, internal performance metrics, and long-term organizational goals.

One of the primary focuses will be the expansion of digital infrastructure. This includes the integration of advanced analytics tools, enhancement of cybersecurity measures, and optimization of existing systems. These improvements are expected to increase efficiency and support data-driven decision-making.

Another key objective is the development of employee competencies through targeted training programs. Investing in human capital is essential for maintaining competitiveness and fostering innovation within the organization.

Regular assessments will be conducted to evaluate progress and ensure alignment with the strategic vision. Adjustments will be made as necessary to respond to changing circumstances and emerging opportunities.","the purpose of this document be to outline the strategic objective for the upcoming fiscal year . these objective have be carefully develop base on current market trend , internal performance metric , and long - term organizational goal . one of the primary focus will be the expansion of digital infrastructure . this include the integration of advanced analytic tool , enhancement of cybersecurity measure , and optimization of exist system . these improvement be expect to increase efficiency and support data - drive decision - making . another key objective be the development of employee competency through target training program . invest in human capital be essential for maintain competitiveness and foster innovation within the organization . regular assessment will be conduct to evaluate progress and ensure alignment with the strategic vision . adjustment will be make as necessary to respond to change circumstance and emerge opportunity .",formal,neutral
"Stop touching my computer, you have no idea what you are doing!","stop touch my computer , you have no idea what you be do !",informal,aggressive
The results indicate a statistically significant correlation between the two primary metrics.,the result indicate a statistically significant correlation between the two primary metric .,academic,neutral
"A warm, golden light spilled from the cottage window, promising a safe haven for the entire night.","a warm , golden light spill from the cottage window , promise a safe haven for the entire night .",literary,friendly
"Great job breaking the only controller we have, you are a real hero.","great job break the only controller we have , you be a real hero .",informal,sarcastic
I am sure the clients will absolutely love the fact that we delayed the release by another month.,i be sure the client will absolutely love the fact that we delay the release by another month .,business,sarcastic
"Perhaps in a parallel universe, these experimental results might actually make some logical sense.","perhaps in a parallel universe , these experimental result might actually make some logical sense .",academic,sarcastic
"The beast let out a bloodcurdling roar, a sound of pure malice that froze the blood in their veins.","the beast let out a bloodcurdling roar , a sound of pure malice that freeze the blood in their vein .",literary,aggressive
The sudden mutation rate of the virus demands an accelerated timeline for vaccine development.,the sudden mutation rate of the virus demand an accelerated timeline for vaccine development .,academic,urgent
"Please expedite the approval process immediately, the application deadline is in less than an hour.","please expedite the approval process immediately , the application deadline be in less than an hour .",business,urgent
"Dude, text me back right now, it is an absolute emergency!","dude , text i back right now , it be an absolute emergency !",informal,urgent
"yo did you check that thing I sent you earlier, I feel like it's exactly what we needed but I'm not sure if you see it the same way, let me know what you think","yo do you check that thing i send you early , i feel like it be exactly what we need but i be not sure if you see it the same way , let i know what you think",informal,friendly
Critical vulnerabilities within the encryption protocol must be addressed by researchers without delay.,critical vulnerability within the encryption protocol must be address by researcher without delay .,academic,urgent
Halt all operations instantly as a catastrophic system failure is imminent.,halt all operation instantly as a catastrophic system failure be imminent .,formal,urgent
"Wow, you waking up at noon is exactly the kind of energy we need today.","wow , you wake up at noon be exactly the kind of energy we need today .",informal,sarcastic
The author's complete failure to account for basic confounding variables renders the study useless.,the author 's complete failure to account for basic confound variable render the study useless .,academic,aggressive
We expect a full explanation for this unacceptable level of professional negligence.,we expect a full explanation for this unacceptable level of professional negligence .,formal,aggressive
Your persistent failure to follow standard deployment procedures is completely unacceptable.,your persistent failure to follow standard deployment procedure be completely unacceptable .,business,aggressive
Thank you for providing a masterclass in how to completely derail a development project.,thank you for provide a masterclass in how to completely derail a development project .,formal,sarcastic
"A faint layer of mist hovered over the calm surface of the lake, undisturbed by the still air.","a faint layer of mist hover over the calm surface of the lake , undisturbe by the still air .",literary,neutral
"Run, the killer is literally right behind you in the game!","run , the killer be literally right behind you in the game !",informal,urgent
"Oh, what a grand and magnificent feast it was, consisting entirely of stale bread and tepid water.","oh , what a grand and magnificent feast it be , consist entirely of stale bread and tepid water .",literary,sarcastic
The alarming drop in the local biodiversity indices requires an immediate halt to industrial expansion.,the alarming drop in the local biodiversity index require an immediate halt to industrial expansion .,academic,urgent
"it's kinda funny how things work out sometimes, you plan everything carefully and then boom something completely unexpected happens and changes everything","it be kinda funny how thing work out sometimes , you plan everything carefully and then boom something completely unexpected happen and change everything",informal,friendly
Thank you for copying the entire department on an email that concerns exactly two people.,thank you for copy the entire department on an email that concern exactly two people .,business,sarcastic
The complexity of their prose almost successfully masks the complete lack of actual substance.,the complexity of their prose almost successfully mask the complete lack of actual substance .,academic,sarcastic
"A bitter, biting wind whipped across the frozen tundra, punishing anyone foolish enough to brave it.","a bitter , bite wind whip across the frozen tundra , punish anyone foolish enough to brave it .",literary,aggressive
Relying on such outdated literature borders on academic malpractice and absolute negligence.,rely on such outdated literature border on academic malpractice and absolute negligence .,academic,aggressive
"honestly I wasn't expecting it to go this way but I'm not even mad, it's kinda interesting to see how things turn out when you don't overthink everything for once","honestly i be not expect it to go this way but i be not even mad , it be kinda interesting to see how thing turn out when you do not overthink everything for once",informal,friendly
"Dear Colleagues,

I would like to take this opportunity to remind everyone of the importance of adhering to established corporate policies and procedures. These guidelines have been developed to ensure a safe, efficient, and productive working environment for all employees.

It has come to our attention that certain protocols are not being consistently followed, particularly in relation to documentation and reporting. Such inconsistencies may lead to misunderstandings, delays, and potential risks that could otherwise be avoided.

All employees are therefore required to review the internal documentation and ensure full compliance with the outlined standards. In addition, managers are expected to monitor their teams and provide guidance where necessary.

Your cooperation in this matter is highly appreciated. Should you have any questions or require clarification, please contact the administrative department.

Kind regards,  
Management Team","dear colleague , i would like to take this opportunity to remind everyone of the importance of adhere to establish corporate policy and procedure . these guideline have be develop to ensure a safe , efficient , and productive working environment for all employee . it have come to our attention that certain protocol be not be consistently follow , particularly in relation to documentation and reporting . such inconsistency may lead to misunderstanding , delay , and potential risk that could otherwise be avoid . all employee be therefore require to review the internal documentation and ensure full compliance with the outlined standard . in addition , manager be expect to monitor their team and provide guidance where necessary . your cooperation in this matter be highly appreciated . should you have any question or require clarification , please contact the administrative department . kind regard , management team",formal,friendly
Contact the logistics provider immediately to reroute the failed deliveries before the end of the day.,contact the logistic provider immediately to reroute the fail delivery before the end of the day .,business,urgent
I am so glad we had a two-hour meeting to discuss something that could have been a brief email.,i be so glad we have a two - hour meeting to discuss something that could have be a brief email .,business,sarcastic
"A single crow sat perched upon the wooden fence, watching the empty dirt road with unblinking eyes.","a single crow sat perch upon the wooden fence , watch the empty dirt road with unblinking eye .",literary,neutral
"The stone bridge arched gracefully over the ravine, connecting the two opposing cliffs together.","the stone bridge arch gracefully over the ravine , connect the two oppose cliff together .",literary,neutral
Great job optimizing the workflow by adding three new unnecessary layers of management approval.,great job optimize the workflow by add three new unnecessary layer of management approval .,business,sarcastic
The conclusions drawn are wild extrapolations that cannot be justified by the actual data.,the conclusion draw be wild extrapolation that can not be justify by the actual datum .,academic,aggressive
This study aims to provide a welcoming foundation for students entering the field of software engineering.,this study aim to provide a welcoming foundation for student enter the field of software engineering .,academic,friendly
"This is the third time this week the server has crashed, and I expect someone to be held accountable.","this be the third time this week the server have crash , and i expect someone to be hold accountable .",business,aggressive
"The friendly innkeeper poured a generous pint, his laughter booming across the crowded, joyful tavern.","the friendly innkeeper pour a generous pint , his laughter boom across the crowd , joyful tavern .",literary,friendly
Your profound lack of preparation is truly an inspiration to us all.,your profound lack of preparation be truly an inspiration to we all .,formal,sarcastic
Fellow scholars are invited to build upon the interactive models presented in this paper.,fellow scholar be invite to build upon the interactive model present in this paper .,academic,friendly
wait what lol,wait what lol,informal,friendly
Please ensure that your timesheets are submitted before the end of the current billing cycle.,please ensure that your timesheet be submit before the end of the current billing cycle .,business,neutral
"Rain fell steadily against the windowpane throughout the quiet, unbroken silence of the night.","rain fall steadily against the windowpane throughout the quiet , unbroken silence of the night .",literary,neutral
We applaud your unique strategy of making everything significantly more complicated.,we applaud your unique strategy of make everything significantly more complicated .,formal,sarcastic
"She swung the heavy broadsword with terrifying ferocity, shattering the enemy's shield into splinters.","she swing the heavy broadsword with terrifying ferocity , shatter the enemy 's shield into splinter .",literary,aggressive
"The duke strutted across the grand ballroom with the majestic, awe-inspiring grace of a startled pigeon.","the duke strut across the grand ballroom with the majestic , awe - inspire grace of a startled pigeon .",literary,sarcastic
We would love to invite you to our virtual coffee break to meet the rest of the IT department.,we would love to invite you to our virtual coffee break to meet the rest of the it department .,business,friendly
We cannot afford to keep losing clients because of your team's sloppy coding practices.,we can not afford to keep lose client because of your team 's sloppy cod practice .,business,aggressive
Do not attempt to bypass the established firewalls under any circumstances.,do not attempt to bypass the established firewall under any circumstance .,formal,aggressive
"If these sales quotas are not met by Friday, there will be serious structural consequences.","if these sale quota be not meet by friday , there will be serious structural consequence .",business,aggressive
Her singing voice possessed the rare and mystical ability to make stray dogs howl in utter agony.,her singing voice possess the rare and mystical ability to make stray dog howl in utter agony .,literary,sarcastic
idk maybe later,idk maybe later,informal,neutral
"The corrupted magic pulsed violently, violently tearing at the very fabric of reality itself.","the corrupted magic pulse violently , violently tear at the very fabric of reality itself .",literary,aggressive
"Oh fantastic, another useless update that ruins the interface completely.","oh fantastic , another useless update that ruin the interface completely .",informal,sarcastic
"Ride with all the speed you can muster, the poison is spreading and we must reach the healer by dawn!","ride with all the speed you can muster , the poison be spread and we must reach the healer by dawn !",literary,urgent
"He cursed the heavens with a dark, vengeful fury, promising ruin to all who had betrayed him.","he curse the heaven with a dark , vengeful fury , promise ruin to all who have betray he .",literary,aggressive
"The mountains loomed in the distance, their snow-capped peaks entirely obscured by heavy clouds.","the mountain loom in the distance , their snow - cap peak entirely obscure by heavy cloud .",literary,neutral
"so yeah I tried that thing you told me about and it kinda worked but also not really, maybe I did something wrong or maybe it's just not as good as people say, idk but I'll probably try again later","so yeah i try that thing you tell i about and it kinda work but also not really , maybe i do something wrong or maybe it be just not as good as people say , idk but i will probably try again later",informal,friendly
Stop wasting time on trivial design tweaks and focus on delivering the core functionality.,stop waste time on trivial design tweak and focus on deliver the core functionality .,business,aggressive
Researchers must immediately correct the mathematical error found in the core algorithmic model.,researcher must immediately correct the mathematical error find in the core algorithmic model .,academic,urgent
"It is truly inspiring how long it takes this company to make a single, simple operational decision.","it be truly inspire how long it take this company to make a single , simple operational decision .",business,sarcastic
The chemical reaction yielded a fine white precipitate after twenty minutes of continuous heating.,the chemical reaction yield a fine white precipitate after twenty minute of continuous heating .,academic,neutral
I am terminating this vendor contract immediately due to consistent breaches of service terms.,i be terminate this vendor contract immediately due to consistent breach of service term .,business,aggressive
"The monster slashed through the iron gate, a brutal force of nature determined to destroy everything.","the monster slash through the iron gate , a brutal force of nature determine to destroy everything .",literary,aggressive
lol that was funny,lol that be funny,informal,friendly
The clock's ticking seemed to deafen him; he had only mere seconds left to defuse the deadly device.,the clock 's ticking seem to deafen he ; he have only mere second leave to defuse the deadly device .,literary,urgent
I am absolutely thrilled to spend my Friday night doing your share of the project.,i be absolutely thrilled to spend my friday night do your share of the project .,informal,sarcastic
"Call an ambulance, I think he is seriously hurt and cannot breathe!","call an ambulance , i think he be seriously hurt and can not breathe !",informal,urgent
This report outlines the key findings of the recent analysis. The results indicate a significant improvement in performance over the last quarter.,this report outline the key finding of the recent analysis . the result indicate a significant improvement in performance over the last quarter .,formal,neutral
We must applaud the sheer confidence required to publish such a poorly constructed experiment.,we must applaud the sheer confidence require to publish such a poorly construct experiment .,academic,sarcastic
You better fix this problem right now or we are going to have a serious issue.,you well fix this problem right now or we be go to have a serious issue .,informal,aggressive
"The ancient prophecy spoke of a brilliant savior, but naturally, it sent us this bumbling idiot instead.","the ancient prophecy speak of a brilliant savior , but naturally , it send we this bumble idiot instead .",literary,sarcastic
The entire premise of their argument collapses under any level of serious academic scrutiny.,the entire premise of their argument collapse under any level of serious academic scrutiny .,academic,aggressive
"I do not want to hear any more excuses, I need that backend code finished immediately.","i do not want to hear any more excuse , i need that backend code finish immediately .",business,aggressive
Urgent intervention is necessary to stabilize the network's rapidly declining condition.,urgent intervention be necessary to stabilize the network 's rapidly decline condition .,formal,urgent
We demand that you cease all unauthorized network activities immediately.,we demand that you cease all unauthorized network activity immediately .,formal,sarcastic
"If you mess up my code one more time, I am going to lose it!","if you mess up my code one more time , i be go to lose it !",informal,aggressive
This is your final warning regarding the continuous violation of company policy.,this be your final warning regard the continuous violation of company policy .,formal,aggressive
"Hurry and finalize the legal contracts, the merger falls through if we do not sign by noon.","hurry and finalize the legal contract , the merger fall through if we do not sign by noon .",business,urgent
"Dear Sir or Madam,

I am writing to inquire about the availability of your services. I would appreciate it if you could provide additional information regarding pricing and scheduling.

Yours faithfully,
John Smith","dear sir or madam , i be write to inquire about the availability of your service . i would appreciate it if you could provide additional information regard pricing and scheduling . your faithfully , john smith",formal,friendly
"Please, continue to use corporate buzzwords, it really makes the presentation so much clearer.","please , continue to use corporate buzzword , it really make the presentation so much clear .",business,sarcastic
"He snarled like a cornered beast, his eyes burning with a venomous hatred that could melt solid steel.","he snarl like a cornered beast , his eye burn with a venomous hatred that could melt solid steel .",literary,aggressive
We are migrating our local servers to a cloud infrastructure utilizing AWS and Terraform.,we be migrate our local server to a cloud infrastructure utilize aws and terraform .,business,neutral
"A soft breeze danced through the meadow, carrying the sweet scent of blooming jasmine and fresh rain.","a soft breeze dance through the meadow , carry the sweet scent of bloom jasmine and fresh rain .",literary,friendly
"The warm hearth crackled happily, welcoming the weary travelers in from the biting winter cold.","the warm hearth crackle happily , welcome the weary traveler in from the bite winter cold .",literary,friendly
It is essential to adhere to the guidelines provided in the documentation. Any deviations should be reported immediately to the responsible department.,it be essential to adhere to the guideline provide in the documentation . any deviation should be report immediately to the responsible department .,formal,neutral
The magical seal is breaking apart rapidly; we must cast the binding spell right now or all is lost!,the magical seal be break apart rapidly ; we must cast the bind spell right now or all be lose !,literary,urgent
The experiment was conducted in a controlled environment to minimize external variables.,the experiment be conduct in a control environment to minimize external variable .,academic,neutral
What a brilliant idea to go outside in a freezing storm without a jacket.,what a brilliant idea to go outside in a freezing storm without a jacket .,informal,sarcastic
The logistics team has confirmed that the hardware shipment is currently in transit to the facility.,the logistic team have confirm that the hardware shipment be currently in transit to the facility .,business,neutral
Your blatant disregard for security protocols puts the entire operation at risk.,your blatant disregard for security protocol put the entire operation at risk .,formal,aggressive
We are pleased to share our dataset with the wider scientific community for future exploration.,we be pleased to share our dataset with the wide scientific community for future exploration .,academic,friendly
"Drop everything you are doing and fix the main server outage, we are losing thousands of dollars!","drop everything you be do and fix the main server outage , we be lose thousand of dollar !",business,urgent
"we've been talking about this for so long and still nothing changed, maybe it's time to actually do something instead of just discussing it over and over again","we have be talk about this for so long and still nothing change , maybe it be time to actually do something instead of just discuss it over and over again",informal,neutral
Failure to comply with these safety regulations will result in severe disciplinary action.,failure to comply with these safety regulation will result in severe disciplinary action .,formal,aggressive
